<?xml version="1.0"?>
<doc>
    <assembly>
        <name>Livity.Composition</name>
    </assembly>
    <members>
        <member name="T:Livity.Composition.ExportAttribute">
             <summary>
             Marks a class as an export.
            
             Subclasses are not considered exports, if you want to have
             all subclasses automatically considered as exports use
             <see cref="T:Livity.Composition.InheritedExportAttribute"/>.
            
             The contract type defaults to the type marked with the attribute.
             </summary>
        </member>
        <member name="T:Livity.Composition.InheritedExportAttribute">
             <summary>
             Marks a class as an inherited export.
            
             Subclasses are automatically considered exports.
             </summary>
        </member>
        <member name="T:Livity.Composition.HasExportsAttribute">
            <summary>
            Marks an assembly as providing exports. The attribute provides a way
            for clients to force a reference to the composition assembly and thus
            take part in composition even when they only reference subclasses
            of the <see cref="T:Livity.Composition.ExportAttribute"/>.
            </summary>
        </member>
        <member name="T:Livity.Composition.ImportAttribute">
            <summary>
            Imports a service.
            </summary>
        </member>
        <member name="T:Livity.Composition.ImportManyAttribute">
            <summary>
            Imports all providers of a service.
            </summary>
        </member>
    </members>
</doc>
