<?xml version="1.0"?>
<doc>
    <assembly>
        <name>Livity.Collections</name>
    </assembly>
    <members>
        <member name="T:Livity.Collections.IAppendableList`1">
            <summary>
            An immutable list with support for
            fast appending semantics.
            </summary>
            <typeparam name="T"></typeparam>
        </member>
        <member name="T:Livity.Collections.Lazy`2">
             <summary>
             A lazy import to allow selecting the right service based on
             available metadata.
            
             The service is only requested from the container when <see cref="P:Livity.Collections.Lazy`1.Value"/>
             is called.
             </summary>
             <typeparam name="T">the contract type</typeparam>
             <typeparam name="TMetadata">the metadata type (must be compatible with a metadata attribute)</typeparam>
        </member>
        <member name="T:Livity.Collections.PieceTable`1">
             <summary>
             A fully persistent implementation of the piece table data structure
             described in "Data Structures for Text Sequences" by Charles Crowley.
            
             The data structure is optimized for the most common operations in
             text editing scenarios and makes supporting unlimited undo a breeze.
             </summary>
             <typeparam name="T"></typeparam>
        </member>
    </members>
</doc>
